Model,Accuracy
LogReg + BoW,0.724802110817942
LogReg + TFIDF,0.7678979771328056
LogReg + W2V,0.7324538258575198
BiLSTM + Word2Vec,0.7007036059806508
