Model,rouge1,rouge2,rougeL,Average,rougeLsum,Average Score
TF-IDF,0.1595532030597277,0.1485390525842681,0.1595532030597277,0.1558818195679079,,
TextRank,0.1595532030597277,0.1485390525842681,0.1595532030597277,0.1558818195679079,,
TextRank,1.0,1.0,1.0,,1.0,1.0
TF-IDF,1.0,1.0,1.0,,1.0,1.0
